student_id,concept_id,subject,correct,response_time_seconds,timestamp
stu_001,buffer_overflow,computer_security,false,118.4,2026-03-02T14:00:00
stu_001,format_string_vulnerability,computer_security,true,73.2,2026-03-02T14:05:00
stu_001,authentication,computer_security,true,42.0,2026-03-03T10:12:00
stu_001,buffer_overflow,computer_security,false,102.1,2026-03-05T09:00:00
stu_001,integer_overflow,computer_security,false,88.6,2026-03-05T09:10:00
stu_001,fuzzing,computer_security,false,95.3,2026-03-07T14:30:00
stu_001,tpm,computer_security,false,130.0,2026-03-08T10:00:00
stu_001,reference_monitor,computer_security,false,112.5,2026-03-09T11:00:00
stu_001,hardware_assisted_protection,computer_security,false,125.2,2026-03-10T09:30:00
stu_001,confinement,computer_security,false,97.4,2026-03-11T14:00:00
stu_001,virtual_machine_confinement,computer_security,false,108.3,2026-03-12T15:00:00
stu_001,container_confinement,computer_security,false,99.7,2026-03-13T09:00:00
stu_001,trusted_execution_environment,computer_security,false,119.6,2026-03-14T10:00:00
stu_002,integer_overflow,computer_security,false,95.5,2026-03-03T11:20:00
stu_002,authorization_access_control,computer_security,true,66.7,2026-03-03T11:30:00
stu_002,buffer_overflow,computer_security,true,78.2,2026-03-05T10:00:00
stu_002,format_string_vulnerability,computer_security,false,91.4,2026-03-06T09:30:00
stu_002,fuzzing,computer_security,false,88.9,2026-03-07T11:00:00
stu_002,reference_monitor,computer_security,false,115.6,2026-03-09T14:00:00
stu_002,tpm,computer_security,false,138.2,2026-03-10T10:30:00
stu_002,hardware_assisted_protection,computer_security,false,122.7,2026-03-11T09:00:00
stu_002,trusted_execution_environment,computer_security,false,127.4,2026-03-12T14:30:00
stu_003,buffer_overflow,computer_security,true,59.8,2026-03-04T09:45:00
stu_003,reference_monitor,computer_security,false,104.3,2026-03-04T09:55:00
stu_003,fuzzing,computer_security,true,72.5,2026-03-06T10:00:00
stu_003,tpm,computer_security,false,110.1,2026-03-08T11:00:00
stu_003,hardware_assisted_protection,computer_security,false,98.6,2026-03-09T09:30:00
stu_003,trusted_execution_environment,computer_security,false,105.3,2026-03-10T14:00:00
stu_003,integer_overflow,computer_security,true,65.2,2026-03-11T10:00:00
stu_003,format_string_vulnerability,computer_security,true,58.7,2026-03-12T09:30:00
stu_004,memory_layout,computer_security,true,82.3,2026-03-03T10:00:00
stu_004,buffer_overflow,computer_security,false,135.6,2026-03-04T14:00:00
stu_004,format_string_vulnerability,computer_security,false,128.4,2026-03-05T09:00:00
stu_004,integer_overflow,computer_security,false,119.2,2026-03-06T10:30:00
stu_004,fuzzing,computer_security,false,142.7,2026-03-07T09:00:00
stu_004,reference_monitor,computer_security,false,155.3,2026-03-08T14:00:00
stu_004,tpm,computer_security,false,168.5,2026-03-09T10:00:00
stu_004,hardware_assisted_protection,computer_security,false,160.2,2026-03-10T09:00:00
stu_004,trusted_execution_environment,computer_security,false,175.8,2026-03-11T14:00:00
stu_004,authorization_access_control,computer_security,false,122.1,2026-03-12T10:30:00
stu_005,stack_frame,computer_security,true,76.8,2026-03-03T09:30:00
stu_005,buffer_overflow,computer_security,false,109.4,2026-03-04T14:00:00
stu_005,format_string_vulnerability,computer_security,false,101.7,2026-03-05T10:00:00
stu_005,integer_overflow,computer_security,false,98.3,2026-03-06T09:30:00
stu_005,fuzzing,computer_security,false,115.6,2026-03-07T14:00:00
stu_005,reference_monitor,computer_security,false,128.9,2026-03-08T09:00:00
stu_005,tpm,computer_security,false,142.3,2026-03-09T14:30:00
stu_005,hardware_assisted_protection,computer_security,false,136.7,2026-03-10T10:00:00
stu_005,trusted_execution_environment,computer_security,false,148.2,2026-03-11T09:30:00
stu_005,confinement,computer_security,false,105.4,2026-03-12T14:00:00
